STRUCTURE,STRUCTURE_ID,STRUCTURE_NAME,ACTION,REF_AREA,Reference area,MEASURE,Measure,UNIT_MEASURE,Unit of measure,TRANSFORMATION,Transformation,ADJUSTMENT,Adjustment,SEX,Sex,AGE,Age,ACTIVITY,Economic activity,FREQ,Frequency of observation,TIME_PERIOD,Time period,OBS_VALUE,Observation value,BASE_PER,Base period,OBS_STATUS,Observation status,UNIT_MULT,Unit multiplier,DECIMALS,Decimals
DATAFLOW,OECD.SDD.TPS:DSD_LFS@DF_IALFS_INDIC(1.0),Infra-annual labour statistics,I,FRA,France,OLF_WAP,Inactivity rate,PT_WAP_SUB,Percentage of working age population in the same subgroup,_Z,Not applicable,Y,Calendar and seasonally adjusted,_T,Total,Y15T64,From 15 to 64 years,_Z,Not applicable,Q,Quarterly,2024-Q2,,25.55557,,,,A,Normal value,0,Units,1,One
DATAFLOW,OECD.SDD.TPS:DSD_LFS@DF_IALFS_INDIC(1.0),Infra-annual labour statistics,I,ITA,Italy,OLF_WAP,Inactivity rate,PT_WAP_SUB,Percentage of working age population in the same subgroup,_Z,Not applicable,Y,Calendar and seasonally adjusted,_T,Total,Y15T64,From 15 to 64 years,_Z,Not applicable,Q,Quarterly,2024-Q2,,33.39569,,,,A,Normal value,0,Units,1,One
DATAFLOW,OECD.SDD.TPS:DSD_LFS@DF_IALFS_INDIC(1.0),Infra-annual labour statistics,I,JPN,Japan,OLF_WAP,Inactivity rate,PT_WAP_SUB,Percentage of working age population in the same subgroup,_Z,Not applicable,Y,Calendar and seasonally adjusted,_T,Total,Y15T64,From 15 to 64 years,_Z,Not applicable,Q,Quarterly,2024-Q2,,18.51226,,,,A,Normal value,0,Units,1,One
DATAFLOW,OECD.SDD.TPS:DSD_LFS@DF_IALFS_INDIC(1.0),Infra-annual labour statistics,I,ESP,Spain,OLF_WAP,Inactivity rate,PT_WAP_SUB,Percentage of working age population in the same subgroup,_Z,Not applicable,Y,Calendar and seasonally adjusted,_T,Total,Y15T64,From 15 to 64 years,_Z,Not applicable,Q,Quarterly,2024-Q3,,25.38655,,,,A,Normal value,0,Units,1,One
DATAFLOW,OECD.SDD.TPS:DSD_LFS@DF_IALFS_INDIC(1.0),Infra-annual labour statistics,I,ESP,Spain,OLF_WAP,Inactivity rate,PT_WAP_SUB,Percentage of working age population in the same subgroup,_Z,Not applicable,Y,Calendar and seasonally adjusted,_T,Total,Y15T64,From 15 to 64 years,_Z,Not applicable,Q,Quarterly,2024-Q4,,25.46037,,,,A,Normal value,0,Units,1,One
DATAFLOW,OECD.SDD.TPS:DSD_LFS@DF_IALFS_INDIC(1.0),Infra-annual labour statistics,I,ESP,Spain,OLF_WAP,Inactivity rate,PT_WAP_SUB,Percentage of working age population in the same subgroup,_Z,Not applicable,Y,Calendar and seasonally adjusted,_T,Total,Y15T64,From 15 to 64 years,_Z,Not applicable,Q,Quarterly,2025-Q1,,25.28762,,,,A,Normal value,0,Units,1,One
DATAFLOW,OECD.SDD.TPS:DSD_LFS@DF_IALFS_INDIC(1.0),Infra-annual labour statistics,I,GBR,United Kingdom,OLF_WAP,Inactivity rate,PT_WAP_SUB,Percentage of working age population in the same subgroup,_Z,Not applicable,Y,Calendar and seasonally adjusted,_T,Total,Y15T64,From 15 to 64 years,_Z,Not applicable,Q,Quarterly,2024-Q2,,22.08912,,,,A,Normal value,0,Units,1,One
DATAFLOW,OECD.SDD.TPS:DSD_LFS@DF_IALFS_INDIC(1.0),Infra-annual labour statistics,I,CAN,Canada,OLF_WAP,Inactivity rate,PT_WAP_SUB,Percentage of working age population in the same subgroup,_Z,Not applicable,Y,Calendar and seasonally adjusted,_T,Total,Y15T64,From 15 to 64 years,_Z,Not applicable,Q,Quarterly,2024-Q1,,19.99032,,,,A,Normal value,0,Units,1,One
DATAFLOW,OECD.SDD.TPS:DSD_LFS@DF_IALFS_INDIC(1.0),Infra-annual labour statistics,I,CAN,Canada,OLF_WAP,Inactivity rate,PT_WAP_SUB,Percentage of working age population in the same subgroup,_Z,Not applicable,Y,Calendar and seasonally adjusted,_T,Total,Y15T64,From 15 to 64 years,_Z,Not applicable,Q,Quarterly,2025-Q4,,20.21407,,,,A,Normal value,0,Units,1,One
DATAFLOW,OECD.SDD.TPS:DSD_LFS@DF_IALFS_INDIC(1.0),Infra-annual labour statistics,I,CAN,Canada,OLF_WAP,Inactivity rate,PT_WAP_SUB,Percentage of working age population in the same subgroup,_Z,Not applicable,Y,Calendar and seasonally adjusted,_T,Total,Y15T64,From 15 to 64 years,_Z,Not applicable,Q,Quarterly,2025-Q3,,20.36343,,,,A,Normal value,0,Units,1,One
DATAFLOW,OECD.SDD.TPS:DSD_LFS@DF_IALFS_INDIC(1.0),Infra-annual labour statistics,I,CAN,Canada,OLF_WAP,Inactivity rate,PT_WAP_SUB,Percentage of working age population in the same subgroup,_Z,Not applicable,Y,Calendar and seasonally adjusted,_T,Total,Y15T64,From 15 to 64 years,_Z,Not applicable,Q,Quarterly,2025-Q2,,20.28098,,,,A,Normal value,0,Units,1,One
DATAFLOW,OECD.SDD.TPS:DSD_LFS@DF_IALFS_INDIC(1.0),Infra-annual labour statistics,I,CAN,Canada,OLF_WAP,Inactivity rate,PT_WAP_SUB,Percentage of working age population in the same subgroup,_Z,Not applicable,Y,Calendar and seasonally adjusted,_T,Total,Y15T64,From 15 to 64 years,_Z,Not applicable,Q,Quarterly,2025-Q1,,20.19035,,,,A,Normal value,0,Units,1,One
DATAFLOW,OECD.SDD.TPS:DSD_LFS@DF_IALFS_INDIC(1.0),Infra-annual labour statistics,I,CAN,Canada,OLF_WAP,Inactivity rate,PT_WAP_SUB,Percentage of working age population in the same subgroup,_Z,Not applicable,Y,Calendar and seasonally adjusted,_T,Total,Y15T64,From 15 to 64 years,_Z,Not applicable,Q,Quarterly,2024-Q4,,20.42897,,,,A,Normal value,0,Units,1,One
DATAFLOW,OECD.SDD.TPS:DSD_LFS@DF_IALFS_INDIC(1.0),Infra-annual labour statistics,I,CAN,Canada,OLF_WAP,Inactivity rate,PT_WAP_SUB,Percentage of working age population in the same subgroup,_Z,Not applicable,Y,Calendar and seasonally adjusted,_T,Total,Y15T64,From 15 to 64 years,_Z,Not applicable,Q,Quarterly,2024-Q3,,20.38073,,,,A,Normal value,0,Units,1,One
DATAFLOW,OECD.SDD.TPS:DSD_LFS@DF_IALFS_INDIC(1.0),Infra-annual labour statistics,I,FRA,France,OLF_WAP,Inactivity rate,PT_WAP_SUB,Percentage of working age population in the same subgroup,_Z,Not applicable,Y,Calendar and seasonally adjusted,_T,Total,Y15T64,From 15 to 64 years,_Z,Not applicable,Q,Quarterly,2024-Q1,,25.66022,,,,A,Normal value,0,Units,1,One
DATAFLOW,OECD.SDD.TPS:DSD_LFS@DF_IALFS_INDIC(1.0),Infra-annual labour statistics,I,FRA,France,OLF_WAP,Inactivity rate,PT_WAP_SUB,Percentage of working age population in the same subgroup,_Z,Not applicable,Y,Calendar and seasonally adjusted,_T,Total,Y15T64,From 15 to 64 years,_Z,Not applicable,Q,Quarterly,2025-Q4,,24.6104,,,,A,Normal value,0,Units,1,One
DATAFLOW,OECD.SDD.TPS:DSD_LFS@DF_IALFS_INDIC(1.0),Infra-annual labour statistics,I,FRA,France,OLF_WAP,Inactivity rate,PT_WAP_SUB,Percentage of working age population in the same subgroup,_Z,Not applicable,Y,Calendar and seasonally adjusted,_T,Total,Y15T64,From 15 to 64 years,_Z,Not applicable,Q,Quarterly,2025-Q3,,24.68732,,,,A,Normal value,0,Units,1,One
DATAFLOW,OECD.SDD.TPS:DSD_LFS@DF_IALFS_INDIC(1.0),Infra-annual labour statistics,I,EA20,Euro area (20 countries),OLF_WAP,Inactivity rate,PT_WAP_SUB,Percentage of working age population in the same subgroup,_Z,Not applicable,Y,Calendar and seasonally adjusted,_T,Total,Y15T64,From 15 to 64 years,_Z,Not applicable,Q,Quarterly,2025-Q3,,24.23913,,,,A,Normal value,0,Units,1,One
DATAFLOW,OECD.SDD.TPS:DSD_LFS@DF_IALFS_INDIC(1.0),Infra-annual labour statistics,I,EA20,Euro area (20 countries),OLF_WAP,Inactivity rate,PT_WAP_SUB,Percentage of working age population in the same subgroup,_Z,Not applicable,Y,Calendar and seasonally adjusted,_T,Total,Y15T64,From 15 to 64 years,_Z,Not applicable,Q,Quarterly,2025-Q2,,24.22523,,,,A,Normal value,0,Units,1,One
DATAFLOW,OECD.SDD.TPS:DSD_LFS@DF_IALFS_INDIC(1.0),Infra-annual labour statistics,I,EA20,Euro area (20 countries),OLF_WAP,Inactivity rate,PT_WAP_SUB,Percentage of working age population in the same subgroup,_Z,Not applicable,Y,Calendar and seasonally adjusted,_T,Total,Y15T64,From 15 to 64 years,_Z,Not applicable,Q,Quarterly,2025-Q1,,24.32616,,,,A,Normal value,0,Units,1,One
DATAFLOW,OECD.SDD.TPS:DSD_LFS@DF_IALFS_INDIC(1.0),Infra-annual labour statistics,I,EA20,Euro area (20 countries),OLF_WAP,Inactivity rate,PT_WAP_SUB,Percentage of working age population in the same subgroup,_Z,Not applicable,Y,Calendar and seasonally adjusted,_T,Total,Y15T64,From 15 to 64 years,_Z,Not applicable,Q,Quarterly,2024-Q4,,24.67008,,,,A,Normal value,0,Units,1,One
DATAFLOW,OECD.SDD.TPS:DSD_LFS@DF_IALFS_INDIC(1.0),Infra-annual labour statistics,I,FRA,France,OLF_WAP,Inactivity rate,PT_WAP_SUB,Percentage of working age population in the same subgroup,_Z,Not applicable,Y,Calendar and seasonally adjusted,_T,Total,Y15T64,From 15 to 64 years,_Z,Not applicable,Q,Quarterly,2025-Q2,,24.73945,,,,A,Normal value,0,Units,1,One
DATAFLOW,OECD.SDD.TPS:DSD_LFS@DF_IALFS_INDIC(1.0),Infra-annual labour statistics,I,FRA,France,OLF_WAP,Inactivity rate,PT_WAP_SUB,Percentage of working age population in the same subgroup,_Z,Not applicable,Y,Calendar and seasonally adjusted,_T,Total,Y15T64,From 15 to 64 years,_Z,Not applicable,Q,Quarterly,2025-Q1,,24.96939,,,,A,Normal value,0,Units,1,One
DATAFLOW,OECD.SDD.TPS:DSD_LFS@DF_IALFS_INDIC(1.0),Infra-annual labour statistics,I,FRA,France,OLF_WAP,Inactivity rate,PT_WAP_SUB,Percentage of working age population in the same subgroup,_Z,Not applicable,Y,Calendar and seasonally adjusted,_T,Total,Y15T64,From 15 to 64 years,_Z,Not applicable,Q,Quarterly,2024-Q4,,25.48912,,,,A,Normal value,0,Units,1,One
DATAFLOW,OECD.SDD.TPS:DSD_LFS@DF_IALFS_INDIC(1.0),Infra-annual labour statistics,I,FRA,France,OLF_WAP,Inactivity rate,PT_WAP_SUB,Percentage of working age population in the same subgroup,_Z,Not applicable,Y,Calendar and seasonally adjusted,_T,Total,Y15T64,From 15 to 64 years,_Z,Not applicable,Q,Quarterly,2024-Q3,,25.16628,,,,A,Normal value,0,Units,1,One
DATAFLOW,OECD.SDD.TPS:DSD_LFS@DF_IALFS_INDIC(1.0),Infra-annual labour statistics,I,ITA,Italy,OLF_WAP,Inactivity rate,PT_WAP_SUB,Percentage of working age population in the same subgroup,_Z,Not applicable,Y,Calendar and seasonally adjusted,_T,Total,Y15T64,From 15 to 64 years,_Z,Not applicable,Q,Quarterly,2024-Q1,,33.03474,,,,A,Normal value,0,Units,1,One
DATAFLOW,OECD.SDD.TPS:DSD_LFS@DF_IALFS_INDIC(1.0),Infra-annual labour statistics,I,ITA,Italy,OLF_WAP,Inactivity rate,PT_WAP_SUB,Percentage of working age population in the same subgroup,_Z,Not applicable,Y,Calendar and seasonally adjusted,_T,Total,Y15T64,From 15 to 64 years,_Z,Not applicable,Q,Quarterly,2025-Q4,,33.87882,,,,A,Normal value,0,Units,1,One
DATAFLOW,OECD.SDD.TPS:DSD_LFS@DF_IALFS_INDIC(1.0),Infra-annual labour statistics,I,ITA,Italy,OLF_WAP,Inactivity rate,PT_WAP_SUB,Percentage of working age population in the same subgroup,_Z,Not applicable,Y,Calendar and seasonally adjusted,_T,Total,Y15T64,From 15 to 64 years,_Z,Not applicable,Q,Quarterly,2025-Q3,,33.43234,,,,A,Normal value,0,Units,1,One
DATAFLOW,OECD.SDD.TPS:DSD_LFS@DF_IALFS_INDIC(1.0),Infra-annual labour statistics,I,ITA,Italy,OLF_WAP,Inactivity rate,PT_WAP_SUB,Percentage of working age population in the same subgroup,_Z,Not applicable,Y,Calendar and seasonally adjusted,_T,Total,Y15T64,From 15 to 64 years,_Z,Not applicable,Q,Quarterly,2025-Q2,,33.03328,,,,A,Normal value,0,Units,1,One
DATAFLOW,OECD.SDD.TPS:DSD_LFS@DF_IALFS_INDIC(1.0),Infra-annual labour statistics,I,ITA,Italy,OLF_WAP,Inactivity rate,PT_WAP_SUB,Percentage of working age population in the same subgroup,_Z,Not applicable,Y,Calendar and seasonally adjusted,_T,Total,Y15T64,From 15 to 64 years,_Z,Not applicable,Q,Quarterly,2025-Q1,,32.76319,,,,A,Normal value,0,Units,1,One
DATAFLOW,OECD.SDD.TPS:DSD_LFS@DF_IALFS_INDIC(1.0),Infra-annual labour statistics,I,ITA,Italy,OLF_WAP,Inactivity rate,PT_WAP_SUB,Percentage of working age population in the same subgroup,_Z,Not applicable,Y,Calendar and seasonally adjusted,_T,Total,Y15T64,From 15 to 64 years,_Z,Not applicable,Q,Quarterly,2024-Q4,,33.70279,,,,A,Normal value,0,Units,1,One
DATAFLOW,OECD.SDD.TPS:DSD_LFS@DF_IALFS_INDIC(1.0),Infra-annual labour statistics,I,ITA,Italy,OLF_WAP,Inactivity rate,PT_WAP_SUB,Percentage of working age population in the same subgroup,_Z,Not applicable,Y,Calendar and seasonally adjusted,_T,Total,Y15T64,From 15 to 64 years,_Z,Not applicable,Q,Quarterly,2024-Q3,,33.43621,,,,A,Normal value,0,Units,1,One
DATAFLOW,OECD.SDD.TPS:DSD_LFS@DF_IALFS_INDIC(1.0),Infra-annual labour statistics,I,JPN,Japan,OLF_WAP,Inactivity rate,PT_WAP_SUB,Percentage of working age population in the same subgroup,_Z,Not applicable,Y,Calendar and seasonally adjusted,_T,Total,Y15T64,From 15 to 64 years,_Z,Not applicable,Q,Quarterly,2024-Q1,,18.64741,,,,A,Normal value,0,Units,1,One
DATAFLOW,OECD.SDD.TPS:DSD_LFS@DF_IALFS_INDIC(1.0),Infra-annual labour statistics,I,JPN,Japan,OLF_WAP,Inactivity rate,PT_WAP_SUB,Percentage of working age population in the same subgroup,_Z,Not applicable,Y,Calendar and seasonally adjusted,_T,Total,Y15T64,From 15 to 64 years,_Z,Not applicable,Q,Quarterly,2025-Q4,,17.42098,,,,A,Normal value,0,Units,1,One
DATAFLOW,OECD.SDD.TPS:DSD_LFS@DF_IALFS_INDIC(1.0),Infra-annual labour statistics,I,JPN,Japan,OLF_WAP,Inactivity rate,PT_WAP_SUB,Percentage of working age population in the same subgroup,_Z,Not applicable,Y,Calendar and seasonally adjusted,_T,Total,Y15T64,From 15 to 64 years,_Z,Not applicable,Q,Quarterly,2025-Q3,,17.75825,,,,A,Normal value,0,Units,1,One
DATAFLOW,OECD.SDD.TPS:DSD_LFS@DF_IALFS_INDIC(1.0),Infra-annual labour statistics,I,JPN,Japan,OLF_WAP,Inactivity rate,PT_WAP_SUB,Percentage of working age population in the same subgroup,_Z,Not applicable,Y,Calendar and seasonally adjusted,_T,Total,Y15T64,From 15 to 64 years,_Z,Not applicable,Q,Quarterly,2025-Q2,,17.78153,,,,A,Normal value,0,Units,1,One
DATAFLOW,OECD.SDD.TPS:DSD_LFS@DF_IALFS_INDIC(1.0),Infra-annual labour statistics,I,JPN,Japan,OLF_WAP,Inactivity rate,PT_WAP_SUB,Percentage of working age population in the same subgroup,_Z,Not applicable,Y,Calendar and seasonally adjusted,_T,Total,Y15T64,From 15 to 64 years,_Z,Not applicable,Q,Quarterly,2025-Q1,,17.97863,,,,A,Normal value,0,Units,1,One
DATAFLOW,OECD.SDD.TPS:DSD_LFS@DF_IALFS_INDIC(1.0),Infra-annual labour statistics,I,JPN,Japan,OLF_WAP,Inactivity rate,PT_WAP_SUB,Percentage of working age population in the same subgroup,_Z,Not applicable,Y,Calendar and seasonally adjusted,_T,Total,Y15T64,From 15 to 64 years,_Z,Not applicable,Q,Quarterly,2024-Q4,,18.12629,,,,A,Normal value,0,Units,1,One
DATAFLOW,OECD.SDD.TPS:DSD_LFS@DF_IALFS_INDIC(1.0),Infra-annual labour statistics,I,JPN,Japan,OLF_WAP,Inactivity rate,PT_WAP_SUB,Percentage of working age population in the same subgroup,_Z,Not applicable,Y,Calendar and seasonally adjusted,_T,Total,Y15T64,From 15 to 64 years,_Z,Not applicable,Q,Quarterly,2024-Q3,,18.26193,,,,A,Normal value,0,Units,1,One
DATAFLOW,OECD.SDD.TPS:DSD_LFS@DF_IALFS_INDIC(1.0),Infra-annual labour statistics,I,ESP,Spain,OLF_WAP,Inactivity rate,PT_WAP_SUB,Percentage of working age population in the same subgroup,_Z,Not applicable,Y,Calendar and seasonally adjusted,_T,Total,Y15T64,From 15 to 64 years,_Z,Not applicable,Q,Quarterly,2024-Q2,,25.35296,,,,A,Normal value,0,Units,1,One
DATAFLOW,OECD.SDD.TPS:DSD_LFS@DF_IALFS_INDIC(1.0),Infra-annual labour statistics,I,ESP,Spain,OLF_WAP,Inactivity rate,PT_WAP_SUB,Percentage of working age population in the same subgroup,_Z,Not applicable,Y,Calendar and seasonally adjusted,_T,Total,Y15T64,From 15 to 64 years,_Z,Not applicable,Q,Quarterly,2024-Q1,,25.332,,,,A,Normal value,0,Units,1,One
DATAFLOW,OECD.SDD.TPS:DSD_LFS@DF_IALFS_INDIC(1.0),Infra-annual labour statistics,I,ESP,Spain,OLF_WAP,Inactivity rate,PT_WAP_SUB,Percentage of working age population in the same subgroup,_Z,Not applicable,Y,Calendar and seasonally adjusted,_T,Total,Y15T64,From 15 to 64 years,_Z,Not applicable,Q,Quarterly,2025-Q3,,25.08986,,,,A,Normal value,0,Units,1,One
DATAFLOW,OECD.SDD.TPS:DSD_LFS@DF_IALFS_INDIC(1.0),Infra-annual labour statistics,I,ESP,Spain,OLF_WAP,Inactivity rate,PT_WAP_SUB,Percentage of working age population in the same subgroup,_Z,Not applicable,Y,Calendar and seasonally adjusted,_T,Total,Y15T64,From 15 to 64 years,_Z,Not applicable,Q,Quarterly,2025-Q2,,25.12378,,,,A,Normal value,0,Units,1,One
DATAFLOW,OECD.SDD.TPS:DSD_LFS@DF_IALFS_INDIC(1.0),Infra-annual labour statistics,I,GBR,United Kingdom,OLF_WAP,Inactivity rate,PT_WAP_SUB,Percentage of working age population in the same subgroup,_Z,Not applicable,Y,Calendar and seasonally adjusted,_T,Total,Y15T64,From 15 to 64 years,_Z,Not applicable,Q,Quarterly,2024-Q1,,22.06724,,,,A,Normal value,0,Units,1,One
DATAFLOW,OECD.SDD.TPS:DSD_LFS@DF_IALFS_INDIC(1.0),Infra-annual labour statistics,I,GBR,United Kingdom,OLF_WAP,Inactivity rate,PT_WAP_SUB,Percentage of working age population in the same subgroup,_Z,Not applicable,Y,Calendar and seasonally adjusted,_T,Total,Y15T64,From 15 to 64 years,_Z,Not applicable,Q,Quarterly,2025-Q4,,20.82882,,,,A,Normal value,0,Units,1,One
DATAFLOW,OECD.SDD.TPS:DSD_LFS@DF_IALFS_INDIC(1.0),Infra-annual labour statistics,I,USA,United States,OLF_WAP,Inactivity rate,PT_WAP_SUB,Percentage of working age population in the same subgroup,_Z,Not applicable,Y,Calendar and seasonally adjusted,_T,Total,Y15T64,From 15 to 64 years,_Z,Not applicable,Q,Quarterly,2024-Q2,,25.08932,,,,A,Normal value,0,Units,1,One
DATAFLOW,OECD.SDD.TPS:DSD_LFS@DF_IALFS_INDIC(1.0),Infra-annual labour statistics,I,EA20,Euro area (20 countries),OLF_WAP,Inactivity rate,PT_WAP_SUB,Percentage of working age population in the same subgroup,_Z,Not applicable,Y,Calendar and seasonally adjusted,_T,Total,Y15T64,From 15 to 64 years,_Z,Not applicable,Q,Quarterly,2024-Q3,,24.60833,,,,A,Normal value,0,Units,1,One
DATAFLOW,OECD.SDD.TPS:DSD_LFS@DF_IALFS_INDIC(1.0),Infra-annual labour statistics,I,GBR,United Kingdom,OLF_WAP,Inactivity rate,PT_WAP_SUB,Percentage of working age population in the same subgroup,_Z,Not applicable,Y,Calendar and seasonally adjusted,_T,Total,Y15T64,From 15 to 64 years,_Z,Not applicable,Q,Quarterly,2025-Q3,,20.95014,,,,A,Normal value,0,Units,1,One
DATAFLOW,OECD.SDD.TPS:DSD_LFS@DF_IALFS_INDIC(1.0),Infra-annual labour statistics,I,GBR,United Kingdom,OLF_WAP,Inactivity rate,PT_WAP_SUB,Percentage of working age population in the same subgroup,_Z,Not applicable,Y,Calendar and seasonally adjusted,_T,Total,Y15T64,From 15 to 64 years,_Z,Not applicable,Q,Quarterly,2025-Q2,,20.97028,,,,A,Normal value,0,Units,1,One
DATAFLOW,OECD.SDD.TPS:DSD_LFS@DF_IALFS_INDIC(1.0),Infra-annual labour statistics,I,GBR,United Kingdom,OLF_WAP,Inactivity rate,PT_WAP_SUB,Percentage of working age population in the same subgroup,_Z,Not applicable,Y,Calendar and seasonally adjusted,_T,Total,Y15T64,From 15 to 64 years,_Z,Not applicable,Q,Quarterly,2025-Q1,,21.37431,,,,A,Normal value,0,Units,1,One
DATAFLOW,OECD.SDD.TPS:DSD_LFS@DF_IALFS_INDIC(1.0),Infra-annual labour statistics,I,GBR,United Kingdom,OLF_WAP,Inactivity rate,PT_WAP_SUB,Percentage of working age population in the same subgroup,_Z,Not applicable,Y,Calendar and seasonally adjusted,_T,Total,Y15T64,From 15 to 64 years,_Z,Not applicable,Q,Quarterly,2024-Q4,,21.54378,,,,A,Normal value,0,Units,1,One
DATAFLOW,OECD.SDD.TPS:DSD_LFS@DF_IALFS_INDIC(1.0),Infra-annual labour statistics,I,GBR,United Kingdom,OLF_WAP,Inactivity rate,PT_WAP_SUB,Percentage of working age population in the same subgroup,_Z,Not applicable,Y,Calendar and seasonally adjusted,_T,Total,Y15T64,From 15 to 64 years,_Z,Not applicable,Q,Quarterly,2024-Q3,,21.64368,,,,A,Normal value,0,Units,1,One
DATAFLOW,OECD.SDD.TPS:DSD_LFS@DF_IALFS_INDIC(1.0),Infra-annual labour statistics,I,USA,United States,OLF_WAP,Inactivity rate,PT_WAP_SUB,Percentage of working age population in the same subgroup,_Z,Not applicable,Y,Calendar and seasonally adjusted,_T,Total,Y15T64,From 15 to 64 years,_Z,Not applicable,Q,Quarterly,2024-Q1,,25.18201,,,,A,Normal value,0,Units,1,One
DATAFLOW,OECD.SDD.TPS:DSD_LFS@DF_IALFS_INDIC(1.0),Infra-annual labour statistics,I,USA,United States,OLF_WAP,Inactivity rate,PT_WAP_SUB,Percentage of working age population in the same subgroup,_Z,Not applicable,Y,Calendar and seasonally adjusted,_T,Total,Y15T64,From 15 to 64 years,_Z,Not applicable,Q,Quarterly,2025-Q3,,25.07226,,,,A,Normal value,0,Units,1,One
DATAFLOW,OECD.SDD.TPS:DSD_LFS@DF_IALFS_INDIC(1.0),Infra-annual labour statistics,I,USA,United States,OLF_WAP,Inactivity rate,PT_WAP_SUB,Percentage of working age population in the same subgroup,_Z,Not applicable,Y,Calendar and seasonally adjusted,_T,Total,Y15T64,From 15 to 64 years,_Z,Not applicable,Q,Quarterly,2025-Q2,,25.02724,,,,A,Normal value,0,Units,1,One
DATAFLOW,OECD.SDD.TPS:DSD_LFS@DF_IALFS_INDIC(1.0),Infra-annual labour statistics,I,USA,United States,OLF_WAP,Inactivity rate,PT_WAP_SUB,Percentage of working age population in the same subgroup,_Z,Not applicable,Y,Calendar and seasonally adjusted,_T,Total,Y15T64,From 15 to 64 years,_Z,Not applicable,Q,Quarterly,2025-Q1,,25.00476,,,,A,Normal value,0,Units,1,One
DATAFLOW,OECD.SDD.TPS:DSD_LFS@DF_IALFS_INDIC(1.0),Infra-annual labour statistics,I,USA,United States,OLF_WAP,Inactivity rate,PT_WAP_SUB,Percentage of working age population in the same subgroup,_Z,Not applicable,Y,Calendar and seasonally adjusted,_T,Total,Y15T64,From 15 to 64 years,_Z,Not applicable,Q,Quarterly,2024-Q4,,25.06006,,,,A,Normal value,0,Units,1,One
DATAFLOW,OECD.SDD.TPS:DSD_LFS@DF_IALFS_INDIC(1.0),Infra-annual labour statistics,I,USA,United States,OLF_WAP,Inactivity rate,PT_WAP_SUB,Percentage of working age population in the same subgroup,_Z,Not applicable,Y,Calendar and seasonally adjusted,_T,Total,Y15T64,From 15 to 64 years,_Z,Not applicable,Q,Quarterly,2024-Q3,,25.00141,,,,A,Normal value,0,Units,1,One
DATAFLOW,OECD.SDD.TPS:DSD_LFS@DF_IALFS_INDIC(1.0),Infra-annual labour statistics,I,EA20,Euro area (20 countries),OLF_WAP,Inactivity rate,PT_WAP_SUB,Percentage of working age population in the same subgroup,_Z,Not applicable,Y,Calendar and seasonally adjusted,_T,Total,Y15T64,From 15 to 64 years,_Z,Not applicable,Q,Quarterly,2024-Q2,,24.61594,,,,A,Normal value,0,Units,1,One
DATAFLOW,OECD.SDD.TPS:DSD_LFS@DF_IALFS_INDIC(1.0),Infra-annual labour statistics,I,DEU,Germany,OLF_WAP,Inactivity rate,PT_WAP_SUB,Percentage of working age population in the same subgroup,_Z,Not applicable,Y,Calendar and seasonally adjusted,_T,Total,Y15T64,From 15 to 64 years,_Z,Not applicable,Q,Quarterly,2024-Q2,,19.74101,,,,E,Estimated value,0,Units,1,One
DATAFLOW,OECD.SDD.TPS:DSD_LFS@DF_IALFS_INDIC(1.0),Infra-annual labour statistics,I,DEU,Germany,OLF_WAP,Inactivity rate,PT_WAP_SUB,Percentage of working age population in the same subgroup,_Z,Not applicable,Y,Calendar and seasonally adjusted,_T,Total,Y15T64,From 15 to 64 years,_Z,Not applicable,Q,Quarterly,2024-Q1,,20.05549,,,,E,Estimated value,0,Units,1,One
DATAFLOW,OECD.SDD.TPS:DSD_LFS@DF_IALFS_INDIC(1.0),Infra-annual labour statistics,I,DEU,Germany,OLF_WAP,Inactivity rate,PT_WAP_SUB,Percentage of working age population in the same subgroup,_Z,Not applicable,Y,Calendar and seasonally adjusted,_T,Total,Y15T64,From 15 to 64 years,_Z,Not applicable,Q,Quarterly,2025-Q3,,19.50487,,,,E,Estimated value,0,Units,1,One
DATAFLOW,OECD.SDD.TPS:DSD_LFS@DF_IALFS_INDIC(1.0),Infra-annual labour statistics,I,DEU,Germany,OLF_WAP,Inactivity rate,PT_WAP_SUB,Percentage of working age population in the same subgroup,_Z,Not applicable,Y,Calendar and seasonally adjusted,_T,Total,Y15T64,From 15 to 64 years,_Z,Not applicable,Q,Quarterly,2025-Q2,,19.57055,,,,E,Estimated value,0,Units,1,One
DATAFLOW,OECD.SDD.TPS:DSD_LFS@DF_IALFS_INDIC(1.0),Infra-annual labour statistics,I,DEU,Germany,OLF_WAP,Inactivity rate,PT_WAP_SUB,Percentage of working age population in the same subgroup,_Z,Not applicable,Y,Calendar and seasonally adjusted,_T,Total,Y15T64,From 15 to 64 years,_Z,Not applicable,Q,Quarterly,2025-Q1,,19.50421,,,,E,Estimated value,0,Units,1,One
DATAFLOW,OECD.SDD.TPS:DSD_LFS@DF_IALFS_INDIC(1.0),Infra-annual labour statistics,I,DEU,Germany,OLF_WAP,Inactivity rate,PT_WAP_SUB,Percentage of working age population in the same subgroup,_Z,Not applicable,Y,Calendar and seasonally adjusted,_T,Total,Y15T64,From 15 to 64 years,_Z,Not applicable,Q,Quarterly,2024-Q4,,19.50811,,,,E,Estimated value,0,Units,1,One
DATAFLOW,OECD.SDD.TPS:DSD_LFS@DF_IALFS_INDIC(1.0),Infra-annual labour statistics,I,EA20,Euro area (20 countries),OLF_WAP,Inactivity rate,PT_WAP_SUB,Percentage of working age population in the same subgroup,_Z,Not applicable,Y,Calendar and seasonally adjusted,_T,Total,Y15T64,From 15 to 64 years,_Z,Not applicable,Q,Quarterly,2024-Q1,,24.71836,,,,A,Normal value,0,Units,1,One
DATAFLOW,OECD.SDD.TPS:DSD_LFS@DF_IALFS_INDIC(1.0),Infra-annual labour statistics,I,DEU,Germany,OLF_WAP,Inactivity rate,PT_WAP_SUB,Percentage of working age population in the same subgroup,_Z,Not applicable,Y,Calendar and seasonally adjusted,_T,Total,Y15T64,From 15 to 64 years,_Z,Not applicable,Q,Quarterly,2024-Q3,,19.76468,,,,E,Estimated value,0,Units,1,One
DATAFLOW,OECD.SDD.TPS:DSD_LFS@DF_IALFS_INDIC(1.0),Infra-annual labour statistics,I,CAN,Canada,OLF_WAP,Inactivity rate,PT_WAP_SUB,Percentage of working age population in the same subgroup,_Z,Not applicable,Y,Calendar and seasonally adjusted,_T,Total,Y15T64,From 15 to 64 years,_Z,Not applicable,Q,Quarterly,2024-Q2,,20.05149,,,,A,Normal value,0,Units,1,One
